CREATE TABLE TEST30 (
  KEY1 VARCHAR2(02),
  AMT  NUMBER,
  CONSTRAINT TEST30_PK PRIMARY KEY (KEY1)
);
INSERT INTO TEST30 VALUES ('A',123);
INSERT INTO TEST30 VALUES ('B',345);
INSERT INTO TEST30 VALUES ('C',357);
INSERT INTO TEST30 VALUES ('D',763);
INSERT INTO TEST30 VALUES ('E',843);
INSERT INTO TEST30 VALUES ('F',345);
INSERT INTO TEST30 VALUES ('G',235);
INSERT INTO TEST30 VALUES ('H',845);
INSERT INTO TEST30 VALUES ('I',652);
INSERT INTO TEST30 VALUES ('J',323);
CREATE TABLE TEST31 (
  KEY1 VARCHAR2(02),
  YM VARCHAR2(06), 
  AMT1 NUMBER,
  CONSTRAINT TEST31_PK PRIMARY KEY (KEY1,YM)
);
INSERT INTO TEST31 VALUES ('A','199905',23);
INSERT INTO TEST31 VALUES ('A','199906',43);
INSERT INTO TEST31 VALUES ('A','199907',56);
INSERT INTO TEST31 VALUES ('B','199906',23);
INSERT INTO TEST31 VALUES ('B','199907',43);
INSERT INTO TEST31 VALUES ('C','199908',56);
CREATE TABLE TEST32 (
  KEY1 VARCHAR2(02),
  YM   VARCHAR2(06), 
  AMT2 NUMBER,
  CONSTRAINT TEST32_PK PRIMARY KEY (KEY1,YM)
);
INSERT INTO TEST32 VALUES ('B','199905',33);
INSERT INTO TEST32 VALUES ('C','199906',65);
INSERT INTO TEST32 VALUES ('D','199907',87);
INSERT INTO TEST32 VALUES ('D','199908',12);
INSERT INTO TEST32 VALUES ('E','199907',45);
INSERT INTO TEST32 VALUES ('E','199908',89);
CREATE TABLE TEST33 (
  KEY1 VARCHAR2(02),
  YM   VARCHAR2(06), 
  AMT3 NUMBER,
  CONSTRAINT TEST33_PK PRIMARY KEY (KEY1,YM)
);
INSERT INTO TEST33 VALUES ('B','199905',76);
INSERT INTO TEST33 VALUES ('C','199906',98);
INSERT INTO TEST33 VALUES ('E','199907',21);
INSERT INTO TEST33 VALUES ('F','199908',54);
INSERT INTO TEST33 VALUES ('G','199907',87);
INSERT INTO TEST33 VALUES ('H','199908',85);
COMMIT;