CREATE TABLE TEST100 (
 C1      VARCHAR2(01) NOT NULL,
 C2      NUMBER,
 CONSTRAINT TEST100_PK PRIMARY KEY (C1)
 );
 INSERT INTO TEST100 VALUES ('A',33);
 INSERT INTO TEST100 VALUES ('B',20);
 INSERT INTO TEST100 VALUES ('C',11);
--
 CREATE TABLE T100 (
 C1      VARCHAR2(01) NOT NULL,
 C2      NUMBER,
 CONSTRAINT T100_PK PRIMARY KEY (C1)
 );
 INSERT INTO T100 VALUES ('A',10);
 INSERT INTO T100 VALUES ('B',20);
 INSERT INTO T100 VALUES ('C',30);
 INSERT INTO T100 VALUES ('D',40);
 INSERT INTO T100 VALUES ('E',50);
--
 CREATE TABLE TEST101 (
 C1      VARCHAR2(01) NOT NULL,
 C2      VARCHAR2(01) NOT NULL,
 C3      NUMBER,
 CONSTRAINT TEST101_PK PRIMARY KEY (C1,C2)
 );
 INSERT INTO TEST101 VALUES ('A','1',11);
 INSERT INTO TEST101 VALUES ('A','2',21);
 INSERT INTO TEST101 VALUES ('A','3',31);
 INSERT INTO TEST101 VALUES ('A','4',41);
 INSERT INTO TEST101 VALUES ('A','5',51);
 INSERT INTO TEST101 VALUES ('B','1',52);
 INSERT INTO TEST101 VALUES ('B','2',12);
 INSERT INTO TEST101 VALUES ('B','3',22);
 INSERT INTO TEST101 VALUES ('B','4',32);
 INSERT INTO TEST101 VALUES ('B','5',42);
 INSERT INTO TEST101 VALUES ('C','1',43);
 INSERT INTO TEST101 VALUES ('C','2',53);
 INSERT INTO TEST101 VALUES ('C','3',13);
 INSERT INTO TEST101 VALUES ('C','4',23);
 INSERT INTO TEST101 VALUES ('C','5',33);
 INSERT INTO TEST101 VALUES ('D','1',34);
 INSERT INTO TEST101 VALUES ('D','2',44);
 INSERT INTO TEST101 VALUES ('D','3',54);
 INSERT INTO TEST101 VALUES ('D','4',14);
 INSERT INTO TEST101 VALUES ('D','5',24);
  COMMIT;